{
  "name": "workspace",
  "version": "1.0.0",
  "lockfileVersion": 3,
  "requires": true,
  "packages": {
    "": {
      "name": "workspace",
      "version": "1.0.0",
      "license": "ISC",
      "dependencies": {
        "discord.js": "^14.21.0"
      }
    },
    "node_modules/@discordjs/builders": {
      "version": "1.11.2",
      "resolved": "https://registry.npmjs.org/@discordjs/builders/-/builders-1.11.2.tgz",
      "integrity": "sha512-F1WTABdd8/R9D1icJzajC4IuLyyS8f3rTOz66JsSI3pKvpCAtsMBweu8cyNYsIyvcrKAVn9EPK+Psoymq+XC0A==",
      "license": "Apache-2.0",
      "dependencies": {
        "@discordjs/formatters": "^0.6.1",
        "@discordjs/util": "^1.1.1",
        "@sapphire/shapeshift": "^4.0.0",
        "discord-api-types": "^0.38.1",
        "fast-deep-equal": "^3.1.3",
        "ts-mixer": "^6.0.4",
        "tslib": "^2.6.3"
      },
      "engines": {
        "node": ">=16.11.0"
      },
      "funding": {
        "url": "https://github.com/discordjs/discord.js?sponsor"
      }
    },
    "node_modules/@discordjs/collection": {
      "version": "1.5.3",
      "resolved": "https://registry.npmjs.org/@discordjs/collection/-/collection-1.5.3.tgz",
      "integrity": "sha512-SVb428OMd3WO1paV3rm6tSjM4wC+Kecaa1EUGX7vc6/fddvw/6lg90z4QtCqm21zvVe92vMMDt9+DkIvjXImQQ==",
      "license": "Apache-2.0",
      "engines": {
        "node": ">=16.11.0"
      }
    },
    "node_modules/@discordjs/formatters": {
      "version": "0.6.1",
      "resolved": "https://registry.npmjs.org/@discordjs/formatters/-/formatters-0.6.1.tgz",
      "integrity": "sha512-5cnX+tASiPCqCWtFcFslxBVUaCetB0thvM/JyavhbXInP1HJIEU+Qv/zMrnuwSsX3yWH2lVXNJZeDK3EiP4HHg==",
      "license": "Apache-2.0",
      "dependencies": {
        "discord-api-types": "^0.38.1"
      },
      "engines": {
        "node": ">=16.11.0"
      },
      "funding": {
        "url": "https://github.com/discordjs/discord.js?sponsor"
      }
    },
    "node_modules/@discordjs/rest": {
      "version": "2.5.1",
      "resolved": "https://registry.npmjs.org/@discordjs/rest/-/rest-2.5.1.tgz",
      "integrity": "sha512-Tg9840IneBcbrAjcGaQzHUJWFNq1MMWZjTdjJ0WS/89IffaNKc++iOvffucPxQTF/gviO9+9r8kEPea1X5J2Dw==",
      "license": "Apache-2.0",
      "dependencies": {
        "@discordjs/collection": "^2.1.1",
        "@discordjs/util": "^1.1.1",
        "@sapphire/async-queue": "^1.5.3",
        "@sapphire/snowflake": "^3.5.3",
        "@vladfrangu/async_event_emitter": "^2.4.6",
        "discord-api-types": "^0.38.1",
        "magic-bytes.js": "^1.10.0",
        "tslib": "^2.6.3",
        "undici": "6.21.3"
      },
      "engines": {
        "node": ">=18"
      },
      "funding": {
        "url": "https://github.com/discordjs/discord.js?sponsor"
      }
    },
    "node_modules/@discordjs/rest/node_modules/@discordjs/collection": {
      "version": "2.1.1",
      "resolved": "https://registry.npmjs.org/@discordjs/collection/-/collection-2.1.1.tgz",
      "integrity": "sha512-LiSusze9Tc7qF03sLCujF5iZp7K+vRNEDBZ86FT9aQAv3vxMLihUvKvpsCWiQ2DJq1tVckopKm1rxomgNUc9hg==",
      "license": "Apache-2.0",
      "engines": {
        "node": ">=18"
      },
      "funding": {
        "url": "https://github.com/discordjs/discord.js?sponsor"
      }
    },
    "node_modules/@discordjs/util": {
      "version": "1.1.1",
      "resolved": "https://registry.npmjs.org/@discordjs/util/-/util-1.1.1.tgz",
      "integrity": "sha512-eddz6UnOBEB1oITPinyrB2Pttej49M9FZQY8NxgEvc3tq6ZICZ19m70RsmzRdDHk80O9NoYN/25AqJl8vPVf/g==",
      "license": "Apache-2.0",
      "engines": {
        "node": ">=18"
      },
      "funding": {
        "url": "https://github.com/discordjs/discord.js?sponsor"
      }
    },
    "node_modules/@discordjs/ws": {
      "version": "1.2.3",
      "resolved": "https://registry.npmjs.org/@discordjs/ws/-/ws-1.2.3.tgz",
      "integrity": "sha512-wPlQDxEmlDg5IxhJPuxXr3Vy9AjYq5xCvFWGJyD7w7Np8ZGu+Mc+97LCoEc/+AYCo2IDpKioiH0/c/mj5ZR9Uw==",
      "license": "Apache-2.0",
      "dependencies": {
        "@discordjs/collection": "^2.1.0",
        "@discordjs/rest": "^2.5.1",
        "@discordjs/util": "^1.1.0",
        "@sapphire/async-queue": "^1.5.2",
        "@types/ws": "^8.5.10",
        "@vladfrangu/async_event_emitter": "^2.2.4",
        "discord-api-types": "^0.38.1",
        "tslib": "^2.6.2",
        "ws": "^8.17.0"
      },
      "engines": {
        "node": ">=16.11.0"
      },
      "funding": {
        "url": "https://github.com/discordjs/discord.js?sponsor"
      }
    },
    "node_modules/@discordjs/ws/node_modules/@discordjs/collection": {
      "version": "2.1.1",
      "resolved": "https://registry.npmjs.org/@discordjs/collection/-/collection-2.1.1.tgz",
      "integrity": "sha512-LiSusze9Tc7qF03sLCujF5iZp7K+vRNEDBZ86FT9aQAv3vxMLihUvKvpsCWiQ2DJq1tVckopKm1rxomgNUc9hg==",
      "license": "Apache-2.0",
      "engines": {
        "node": ">=18"
      },
      "funding": {
        "url": "https://github.com/discordjs/discord.js?sponsor"
      }
    },
    "node_modules/@sapphire/async-queue": {
      "version": "1.5.5",
      "resolved": "https://registry.npmjs.org/@sapphire/async-queue/-/async-queue-1.5.5.tgz",
      "integrity": "sha512-cvGzxbba6sav2zZkH8GPf2oGk9yYoD5qrNWdu9fRehifgnFZJMV+nuy2nON2roRO4yQQ+v7MK/Pktl/HgfsUXg==",
      "license": "MIT",
      "engines": {
        "node": ">=v14.0.0",
        "npm": ">=7.0.0"
      }
    },
    "node_modules/@sapphire/shapeshift": {
      "version": "4.0.0",
      "resolved": "https://registry.npmjs.org/@sapphire/shapeshift/-/shapeshift-4.0.0.tgz",
      "integrity": "sha512-d9dUmWVA7MMiKobL3VpLF8P2aeanRTu6ypG2OIaEv/ZHH/SUQ2iHOVyi5wAPjQ+HmnMuL0whK9ez8I/raWbtIg==",
      "license": "MIT",
      "dependencies": {
        "fast-deep-equal": "^3.1.3",
        "lodash": "^4.17.21"
      },
      "engines": {
        "node": ">=v16"
      }
    },
    "node_modules/@sapphire/snowflake": {
      "version": "3.5.3",
      "resolved": "https://registry.npmjs.org/@sapphire/snowflake/-/snowflake-3.5.3.tgz",
      "integrity": "sha512-jjmJywLAFoWeBi1W7994zZyiNWPIiqRRNAmSERxyg93xRGzNYvGjlZ0gR6x0F4gPRi2+0O6S71kOZYyr3cxaIQ==",
      "license": "MIT",
      "engines": {
        "node": ">=v14.0.0",
        "npm": ">=7.0.0"
      }
    },
    "node_modules/@types/node": {
      "version": "24.0.14",
      "resolved": "https://registry.npmjs.org/@types/node/-/node-24.0.14.tgz",
      "integrity": "sha512-4zXMWD91vBLGRtHK3YbIoFMia+1nqEz72coM42C5ETjnNCa/heoj7NT1G67iAfOqMmcfhuCZ4uNpyz8EjlAejw==",
      "license": "MIT",
      "dependencies": {
        "undici-types": "~7.8.0"
      }
    },
    "node_modules/@types/ws": {
      "version": "8.18.1",
      "resolved": "https://registry.npmjs.org/@types/ws/-/ws-8.18.1.tgz",
      "integrity": "sha512-ThVF6DCVhA8kUGy+aazFQ4kXQ7E1Ty7A3ypFOe0IcJV8O/M511G99AW24irKrW56Wt44yG9+ij8FaqoBGkuBXg==",
      "license": "MIT",
      "dependencies": {
        "@types/node": "*"
      }
    },
    "node_modules/@vladfrangu/async_event_emitter": {
      "version": "2.4.6",
      "resolved": "https://registry.npmjs.org/@vladfrangu/async_event_emitter/-/async_event_emitter-2.4.6.tgz",
      "integrity": "sha512-RaI5qZo6D2CVS6sTHFKg1v5Ohq/+Bo2LZ5gzUEwZ/WkHhwtGTCB/sVLw8ijOkAUxasZ+WshN/Rzj4ywsABJ5ZA==",
      "license": "MIT",
      "engines": {
        "node": ">=v14.0.0",
        "npm": ">=7.0.0"
      }
    },
    "node_modules/discord-api-types": {
      "version": "0.38.16",
      "resolved": "https://registry.npmjs.org/discord-api-types/-/discord-api-types-0.38.16.tgz",
      "integrity": "sha512-Cz42dC5WqJD17Yk0bRy7YLTJmh3NKo4FGpxZuA8MHqT0RPxKSrll5YhlODZ2z5DiEV/gpHMeTSrTFTWpSXjT1Q==",
      "license": "MIT",
      "workspaces": [
        "scripts/actions/documentation"
      ]
    },
    "node_modules/discord.js": {
      "version": "14.21.0",
      "resolved": "https://registry.npmjs.org/discord.js/-/discord.js-14.21.0.tgz",
      "integrity": "sha512-U5w41cEmcnSfwKYlLv5RJjB8Joa+QJyRwIJz5i/eg+v2Qvv6EYpCRhN9I2Rlf0900LuqSDg8edakUATrDZQncQ==",
      "license": "Apache-2.0",
      "dependencies": {
        "@discordjs/builders": "^1.11.2",
        "@discordjs/collection": "1.5.3",
        "@discordjs/formatters": "^0.6.1",
        "@discordjs/rest": "^2.5.1",
        "@discordjs/util": "^1.1.1",
        "@discordjs/ws": "^1.2.3",
        "@sapphire/snowflake": "3.5.3",
        "discord-api-types": "^0.38.1",
        "fast-deep-equal": "3.1.3",
        "lodash.snakecase": "4.1.1",
        "magic-bytes.js": "^1.10.0",
        "tslib": "^2.6.3",
        "undici": "6.21.3"
      },
      "engines": {
        "node": ">=18"
      },
      "funding": {
        "url": "https://github.com/discordjs/discord.js?sponsor"
      }
    },
    "node_modules/fast-deep-equal": {
      "version": "3.1.3",
      "resolved": "https://registry.npmjs.org/fast-deep-equal/-/fast-deep-equal-3.1.3.tgz",
      "integrity": "sha512-f3qQ9oQy9j2AhBe/H9VC91wLmKBCCU/gDOnKNAYG5hswO7BLKj09Hc5HYNz9cGI++xlpDCIgDaitVs03ATR84Q==",
      "license": "MIT"
    },
    "node_modules/lodash": {
      "version": "4.17.21",
      "resolved": "https://registry.npmjs.org/lodash/-/lodash-4.17.21.tgz",
      "integrity": "sha512-v2kDEe57lecTulaDIuNTPy3Ry4gLGJ6Z1O3vE1krgXZNrsQ+LFTGHVxVjcXPs17LhbZVGedAJv8XZ1tvj5FvSg==",
      "license": "MIT"
    },
    "node_modules/lodash.snakecase": {
      "version": "4.1.1",
      "resolved": "https://registry.npmjs.org/lodash.snakecase/-/lodash.snakecase-4.1.1.tgz",
      "integrity": "sha512-QZ1d4xoBHYUeuouhEq3lk3Uq7ldgyFXGBhg04+oRLnIz8o9T65Eh+8YdroUwn846zchkA9yDsDl5CVVaV2nqYw==",
      "license": "MIT"
    },
    "node_modules/magic-bytes.js": {
      "version": "1.12.1",
      "resolved": "https://registry.npmjs.org/magic-bytes.js/-/magic-bytes.js-1.12.1.tgz",
      "integrity": "sha512-ThQLOhN86ZkJ7qemtVRGYM+gRgR8GEXNli9H/PMvpnZsE44Xfh3wx9kGJaldg314v85m+bFW6WBMaVHJc/c3zA==",
      "license": "MIT"
    },
    "node_modules/ts-mixer": {
      "version": "6.0.4",
      "resolved": "https://registry.npmjs.org/ts-mixer/-/ts-mixer-6.0.4.tgz",
      "integrity": "sha512-ufKpbmrugz5Aou4wcr5Wc1UUFWOLhq+Fm6qa6P0w0K5Qw2yhaUoiWszhCVuNQyNwrlGiscHOmqYoAox1PtvgjA==",
      "license": "MIT"
    },
    "node_modules/tslib": {
      "version": "2.8.1",
      "resolved": "https://registry.npmjs.org/tslib/-/tslib-2.8.1.tgz",
      "integrity": "sha512-oJFu94HQb+KVduSUQL7wnpmqnfmLsOA/nAh6b6EH0wCEoK0/mPeXU6c3wKDV83MkOuHPRHtSXKKU99IBazS/2w==",
      "license": "0BSD"
    },
    "node_modules/undici": {
      "version": "6.21.3",
      "resolved": "https://registry.npmjs.org/undici/-/undici-6.21.3.tgz",
      "integrity": "sha512-gBLkYIlEnSp8pFbT64yFgGE6UIB9tAkhukC23PmMDCe5Nd+cRqKxSjw5y54MK2AZMgZfJWMaNE4nYUHgi1XEOw==",
      "license": "MIT",
      "engines": {
        "node": ">=18.17"
      }
    },
    "node_modules/undici-types": {
      "version": "7.8.0",
      "resolved": "https://registry.npmjs.org/undici-types/-/undici-types-7.8.0.tgz",
      "integrity": "sha512-9UJ2xGDvQ43tYyVMpuHlsgApydB8ZKfVYTsLDhXkFL/6gfkp+U8xTGdh8pMJv1SpZna0zxG1DwsKZsreLbXBxw==",
      "license": "MIT"
    },
    "node_modules/ws": {
      "version": "8.18.3",
      "resolved": "https://registry.npmjs.org/ws/-/ws-8.18.3.tgz",
      "integrity": "sha512-PEIGCY5tSlUt50cqyMXfCzX+oOPqN0vuGqWzbcJ2xvnkzkq46oOpz7dQaTDBdfICb4N14+GARUDw2XV2N4tvzg==",
      "license": "MIT",
      "engines": {
        "node": ">=10.0.0"
      },
      "peerDependencies": {
        "bufferutil": "^4.0.1",
        "utf-8-validate": ">=5.0.2"
      },
      "peerDependenciesMeta": {
        "bufferutil": {
          "optional": true
        },
        "utf-8-validate": {
          "optional": true
        }
      }
    }
  }
}
